{
  "kmeans": {
    "aris": [
      0.2846173099614898,
      0.30089632788294735,
      0.34358841652116984,
      0.32742113937767514,
      0.302349308136199,
      0.3152830066546181,
      0.2960585384869384,
      0.312454226359169,
      0.2970961593644755,
      0.34182779400420593
    ],
    "best": 0.34358841652116984,
    "mean": 0.3121592226748888,
    "n_runs": 10,
    "std": 0.019940359941572696
  }
}
