{
  "agglomerative": {
    "aris": [
      0.3108775542270266,
      0.3108775542270266,
      0.3108775542270266,
      0.3108775542270266,
      0.3108775542270266,
      0.3108775542270266,
      0.3108775542270266,
      0.3108775542270266,
      0.3108775542270266,
      0.3108775542270266
    ],
    "best": 0.3108775542270266,
    "mean": 0.3108775542270266,
    "n_runs": 10,
    "std": 0.0
  },
  "kmeans": {
    "aris": [
      0.2846173099614898,
      0.30089632788294735,
      0.34358841652116984,
      0.32742113937767514,
      0.302349308136199,
      0.3152830066546181,
      0.2960585384869384,
      0.312454226359169,
      0.2970961593644755,
      0.34182779400420593
    ],
    "best": 0.34358841652116984,
    "mean": 0.3121592226748888,
    "n_runs": 10,
    "std": 0.019940359941572696
  },
  "louvain_nx": {
    "aris": [
      0.00020296370397773943,
      -0.00040451164715274603,
      -8.556563004655127e-05,
      -0.0003403378562836704,
      9.11222012050474e-05,
      -0.0005148186349715714,
      -0.00019563031601459917,
      -0.00016455568238930268,
      -0.000244990870889429,
      -0.00039907339848068845
    ],
    "mean": -0.00020553981310457713,
    "std": 0.00022693134139844712
  }
}
