{
  "paper_reported_ari": 0.693,
  "mcfst": {
    "n_runs": 10,
    "aris": [
      0.5263063553639191,
      0.5489674461392724,
      0.5849524441706286,
      0.6000215444348397,
      0.6080872736187032,
      0.6108099056663621,
      0.6185835130964772,
      0.6522181792966762,
      0.6712576304961232,
      0.6959076337555552
    ],
    "mean": 0.6117111926038558,
    "std": 0.05208993427133674,
    "median": 0.6094485896425326,
    "min": 0.5263063553639191,
    "max": 0.6959076337555552,
    "best": 0.6959076337555552
  },
  "kmeans": {
    "n_runs": 10,
    "aris": [
      0.2846173099614898,
      0.30089632788294735,
      0.34358841652116984,
      0.32742113937767514,
      0.302349308136199,
      0.3152830066546181,
      0.2960585384869384,
      0.312454226359169,
      0.2970961593644755,
      0.34182779400420593
    ],
    "mean": 0.3121592226748888,
    "std": 0.019940359941572696,
    "best": 0.34358841652116984
  }
}
