{
  "n_runs": 10,
  "aris": [
    0.5263063553639191,
    0.5489674461392724,
    0.5849524441706286,
    0.6000215444348397,
    0.6080872736187032,
    0.6108099056663621,
    0.6185835130964772,
    0.6522181792966762,
    0.6712576304961232,
    0.6959076337555552
  ],
  "mean": 0.6117111926038558,
  "std": 0.05208993427133674,
  "median": 0.6094485896425326,
  "min": 0.5263063553639191,
  "max": 0.6959076337555552,
  "paper_reported": 0.693,
  "best_reproduced": 0.6959076337555552,
  "all_verified": true
}